<?xml version="1.0" encoding="UTF-8"?>
<project-private xmlns="http://www.netbeans.org/ns/project-private/1">
    <editor-bookmarks xmlns="http://www.netbeans.org/ns/editor-bookmarks/2" lastBookmarkId="0"/>
    <open-files xmlns="http://www.netbeans.org/ns/projectui-open-files/2">
        <group>
            <file>file:/D:/Net%20Beans/Assignments/courseManagement/src/coursemanagement/courseManagement.java</file>
            <file>file:/D:/Net%20Beans/Assignments/courseManagement/src/database/JsonDatabaseManager.java</file>
            <file>file:/D:/Net%20Beans/Assignments/courseManagement/src/courseService/Student.java</file>
            <file>file:/D:/Net%20Beans/Assignments/courseManagement/src/courseService/Courses.java</file>
            <file>file:/D:/Net%20Beans/Assignments/courseManagement/src/courseService/user.java</file>
            <file>file:/D:/Net%20Beans/Assignments/courseManagement/src/courseService/Lesson.java</file>
            <file>file:/D:/Net%20Beans/Assignments/courseManagement/src/courseService/Instructor.java</file>
            <file>file:/D:/Net%20Beans/Assignments/courseManagement/src/Main/Main.java</file>
        </group>
    </open-files>
</project-private>
