[
  {
    "description": "Introduction to classical mechanics, motion, forces, and energy",
    "instructorId": "dr_einstein",
    "lessons": [
      {
        "content": "Understanding Newton\u0027s three laws and their applications",
        "resources": [
          "newton-laws.pdf",
          "motion-examples.docx"
        ],
        "Id": "PHY101",
        "title": "Newton\u0027s Laws of Motion"
      },
      {
        "content": "Concepts of work, kinetic energy, and potential energy",
        "resources": [
          "energy-worksheet.pdf"
        ],
        "Id": "PHY102",
        "title": "Work and Energy"
      }
    ],
    "students": [
      "student_456",
      "student_777",
      "student_888",
      "student_999",
      "08809"
    ],
    "Id": "PHY100",
    "title": "Basic Physics"
  },
  {
    "description": "Fundamental concepts of computer science and programming",
    "instructorId": "prof_johnson",
    "lessons": [
      {
        "content": "Introduction to programming concepts and algorithms",
        "resources": [
          "https://example.com/slides1.pdf",
          "https://example.com/code-examples.zip"
        ],
        "Id": "L1",
        "title": "What is Programming?"
      },
      {
        "content": "Learning about variables, strings, numbers, and basic data types",
        "resources": [
          "https://example.com/data-types.pdf",
          "https://example.com/exercises.docx"
        ],
        "Id": "L2",
        "title": "Variables and Data Types"
      },
      {
        "content": "If statements, loops, and conditional logic",
        "resources": [
          "control-structures.pdf",
          "practice-problems.zip"
        ],
        "Id": "L3",
        "title": "Control Structures"
      }
    ],
    "students": [
      "student_123",
      "student_456",
      "student_789",
      "08809"
    ],
    "Id": "CS101",
    "title": "Introduction to Computer Science"
  },
  {
    "description": "Advanced integration techniques and series",
    "instructorId": "dr_smith",
    "lessons": [
      {
        "content": "Learning the integration by parts formula and practice problems",
        "resources": [
          "integration-worksheet.pdf",
          "video-tutorial.mp4"
        ],
        "Id": "CALC201",
        "title": "Integration by Parts"
      },
      {
        "content": "Advanced integration techniques using trig identities",
        "resources": [],
        "Id": "CALC202",
        "title": "Trigonometric Substitution"
      },
      {
        "content": "Decomposing rational functions for integration",
        "resources": [
          "partial-fractions.pdf"
        ],
        "Id": "CALC203",
        "title": "Partial Fractions"
      }
    ],
    "students": [
      "student_123",
      "student_999",
      "08809"
    ],
    "Id": "MATH202",
    "title": "Calculus II"
  },
  {
    "description": "Developing creative writing skills across various genres",
    "instructorId": "01731",
    "lessons": [
      {
        "content": "Techniques for creating compelling characters",
        "resources": [
          "character-worksheet.docx",
          "reading-list.pdf"
        ],
        "Id": "WRIT101",
        "title": "Character Development"
      },
      {
        "content": "Building engaging narratives with proper story arcs",
        "resources": [
          "plot-diagram.pdf",
          "story-outline.docx"
        ],
        "Id": "WRIT102",
        "title": "Plot Structure"
      },
      {
        "content": "Creating realistic and effective character dialogue",
        "resources": [
          "dialogue-examples.pdf"
        ],
        "Id": "WRIT103",
        "title": "Dialogue Writing"
      }
    ],
    "students": [
      "09096",
      "01185"
    ],
    "Id": "ENG150",
    "title": "Creative Writing"
  },
  {
    "description": "Survey of major world civilizations and historical events",
    "instructorId": "01731",
    "lessons": [
      {
        "content": "Egypt, Mesopotamia, Greece, and Rome",
        "resources": [
          "ancient-maps.pdf",
          "timeline.docx"
        ],
        "Id": "HIST201",
        "title": "Ancient Civilizations"
      },
      {
        "content": "Feudalism, crusades, and cultural developments",
        "resources": [
          "medieval-society.pdf"
        ],
        "Id": "HIST202",
        "title": "Middle Ages"
      }
    ],
    "students": [
      "09096",
      "01185",
      "student_123"
    ],
    "Id": "HIST210",
    "title": "World History"
  }
]