[
  {
    "courseId": "E1",
    "title": "Electro",
    "description": "important electric course",
    "instructorId": "9592",
    "lessons": [
      {
        "lessonId": "L1E",
        "title": "intro to electro",
        "content": "electrofungios theorem",
        "resources": []
      }
    ],
    "students": []
  },
  {
    "courseId": "E2",
    "title": "Electrowaves",
    "description": "not important af course",
    "instructorId": "9592",
    "lessons": [
      {
        "lessonId": "LE1",
        "title": "Intro to E2",
        "content": "the introduction of e2",
        "resources": []
      },
      {
        "lessonId": "LE22",
        "title": "Electrowaves open",
        "content": "electrological internals",
        "resources": []
      }
    ],
    "students": []
  }
]