<?xml version="1.0" encoding="UTF-8"?>
<project-private xmlns="http://www.netbeans.org/ns/project-private/1">
    <editor-bookmarks xmlns="http://www.netbeans.org/ns/editor-bookmarks/2" lastBookmarkId="0"/>
    <open-files xmlns="http://www.netbeans.org/ns/projectui-open-files/2">
        <group>
            <file>file:/C:/Users/20115/Desktop/Lab7/src/lab7/backend/courseManagement.java</file>
            <file>file:/C:/Users/20115/Desktop/Lab7/src/lab7/backend/Lesson.java</file>
            <file>file:/C:/Users/20115/Desktop/Lab7/src/lab7/Student_Managment/lessons.java</file>
            <file>file:/C:/Users/20115/Desktop/Lab7/src/lab7/Student_Managment/Enrolled_courses.java</file>
            <file>file:/C:/Users/20115/Desktop/Lab7/src/lab7/backend/progress.java</file>
            <file>file:/C:/Users/20115/Desktop/Lab7/src/lab7/backend/StudentService.java</file>
            <file>file:/C:/Users/20115/Desktop/Lab7/src/lab7/backend/Student.java</file>
            <file>file:/C:/Users/20115/Desktop/Lab7/src/lab7/backend/Course.java</file>
            <file>file:/C:/Users/20115/Desktop/Lab7/src/lab7/Student_Managment/READING.java</file>
        </group>
    </open-files>
</project-private>
