[
  {
    "description": "Introduction to classical mechanics, motion, forces, and energy",
    "instructorId": "01731",
    "lessons": [
      {
        "content": "Understanding Newton\u0027s three laws and their applications",
        "resources": [
          "newton-laws.pdf",
          "motion-examples.docx"
        ],
        "Id": "PHY101",
        "title": "Newton\u0027s Laws of Motion"
      },
      {
        "content": "Concepts of work, kinetic energy, and potential energydsgfdsgvfsdgdfzbzdfhkdfjlznlzfn\nzfdkgnfmgfzasfsfsafasf",
        "resources": [
          "energy-worksheet.pdf"
        ],
        "Id": "PHY102",
        "title": "Work and Energysgsdgsafsaf"
      }
    ],
    "students": [
      "08809",
      "09096",
      "02826"
    ],
    "Id": "PHY100",
    "title": "Basic Physicsfgfdhgsac"
  },
  {
    "description": "Fundamental concepts of compjlko\u0027kljlknl.nuter science and programming",
    "instructorId": "01731",
    "lessons": [
      {
        "content": "Introduction to programming concepts and algorithmssacsadcsadcsacsacsacsacsacsaca",
        "resources": [
          "slides1.pdf",
          "code-examples.zip"
        ],
        "Id": "L1",
        "title": "What is Programming?"
      },
      {
        "content": "Learning about variables, strings, numbers, and basic data typescsacascsacsacsacsacsaajlk.mik;.m;l,",
        "resources": [
          "data-types.pdf",
          "exercises.docx"
        ],
        "Id": "L2",
        "title": "Variables and Data Types"
      },
      {
        "content": "vxxzvx",
        "resources": [
          "cxvzxcv x"
        ],
        "title": "vdfvzf"
      }
    ],
    "students": [
      "08809",
      "09096",
      "02826"
    ],
    "Id": "CS101",
    "title": "Introduction to Computer Sciencejhkjlk.lmk"
  },
  {
    "description": "dfsvdsvdsvdsvdsvds",
    "instructorId": "01731",
    "lessons": [],
    "students": [],
    "title": "dsvfsdv"
  }
]