<?xml version="1.0" encoding="UTF-8"?>
<project-private xmlns="http://www.netbeans.org/ns/project-private/1">
    <editor-bookmarks xmlns="http://www.netbeans.org/ns/editor-bookmarks/2" lastBookmarkId="0"/>
    <open-files xmlns="http://www.netbeans.org/ns/projectui-open-files/2">
        <group>
            <file>file:/D:/Net%20Beans/Assignments/courseManagement/src/Instructor_Management/COURSE.java</file>
            <file>file:/D:/Net%20Beans/Assignments/courseManagement/src/Instructor_Management/LESSON.java</file>
            <file>file:/D:/Net%20Beans/Assignments/courseManagement/src/database/JsonDatabaseManager.java</file>
            <file>file:/D:/Net%20Beans/Assignments/courseManagement/src/Instructor_Management/Managelessons.java</file>
            <file>file:/D:/Net%20Beans/Assignments/courseManagement/src/courseService/Courses.java</file>
            <file>file:/D:/Net%20Beans/Assignments/courseManagement/src/courseService/Lesson.java</file>
            <file>file:/D:/Net%20Beans/Assignments/courseManagement/src/Instructor_Management/view_enrolled_students.java</file>
            <file>file:/D:/Net%20Beans/Assignments/courseManagement/src/User_Account_Management/Sign_up.java</file>
            <file>file:/D:/Net%20Beans/Assignments/courseManagement/src/User_Account_Management/InstructorDashboard.java</file>
            <file>file:/D:/Net%20Beans/Assignments/courseManagement/src/User_Account_Management/welcome.java</file>
            <file>file:/D:/Net%20Beans/Assignments/courseManagement/src/Instructor_Management/Enrolled_students.java</file>
            <file>file:/D:/Net%20Beans/Assignments/courseManagement/src/coursemanagement/courseManagement.java</file>
            <file>file:/D:/Net%20Beans/Assignments/courseManagement/src/Student_Managment/Enrolled_courses.java</file>
            <file>file:/D:/Net%20Beans/Assignments/courseManagement/src/User_Account_Management/login.java</file>
            <file>file:/D:/Net%20Beans/Assignments/courseManagement/src/Student_Managment/Browse_Courses.java</file>
            <file>file:/D:/Net%20Beans/Assignments/courseManagement/src/Student_Managment/lessons.java</file>
            <file>file:/D:/Net%20Beans/Assignments/courseManagement/src/database/TableLoader.java</file>
            <file>file:/D:/Net%20Beans/Assignments/courseManagement/src/Instructor_Management/Manage_Courses.java</file>
            <file>file:/D:/Net%20Beans/Assignments/courseManagement/src/courseService/AbstractDisplay.java</file>
        </group>
    </open-files>
</project-private>
